name,hp,attack,defense,speed,sp_attack,sp_defense,base_total,height_m,weight_kg,capture_rate,is_legendary
Bulbasaur,45,49,49,45,65,65,318,0.7,6.9,45,0
Ivysaur,60,62,63,60,80,80,405,1.0,13.0,45,0
Venusaur,80,100,123,80,122,120,625,2.0,100.0,45,0
Charmander,39,52,43,65,60,50,309,0.6,8.5,45,0
Charmeleon,58,64,58,80,80,65,405,1.1,19.0,45,0
Charizard,78,104,78,100,159,115,634,1.7,90.5,45,0
Squirtle,44,48,65,43,50,64,314,0.5,9.0,45,0
Wartortle,59,63,80,58,65,80,405,1.0,22.5,45,0
Blastoise,79,103,120,78,135,115,630,1.6,85.5,45,0
Caterpie,45,30,35,45,20,20,195,0.3,2.9,255,0
Metapod,50,20,55,30,25,25,205,0.7,9.9,120,0
Butterfree,60,45,50,70,90,80,395,1.1,32.0,45,0
Weedle,40,35,30,50,20,20,195,0.3,3.2,255,0
Kakuna,45,25,50,35,25,25,205,0.6,10.0,120,0
Beedrill,65,150,40,145,15,80,495,1.0,29.5,45,0
Pidgey,40,45,40,56,35,35,251,0.3,1.8,255,0
Pidgeotto,63,60,55,71,50,50,349,1.1,30.0,120,0
Pidgeot,83,80,80,121,135,80,579,1.5,39.5,45,0
Rattata,30,56,35,72,25,35,253,0.3,8.4,255,0
Raticate,75,71,70,77,40,80,413,0.7,18.5,127,0
Spearow,40,60,30,70,31,31,262,0.3,2.0,255,0
Fearow,65,90,65,100,61,61,442,1.2,38.0,90,0
Ekans,35,60,44,55,40,54,288,2.0,6.9,255,0
Arbok,60,95,69,80,65,79,448,3.5,65.0,90,0
Pikachu,35,55,40,90,50,50,320,0.4,6.0,190,0
Raichu,60,85,50,110,95,85,485,0.8,30.0,75,0
Sandshrew,50,75,90,40,10,35,300,0.6,12.0,255,0
Sandslash,75,100,120,65,25,65,450,1.0,29.5,90,0
Nidoran♀,55,47,52,41,40,40,275,0.4,7.0,235,0
Nidorina,70,62,67,56,55,55,365,0.8,20.0,120,0
Nidoqueen,90,92,87,76,75,85,505,1.3,60.0,45,0
Nidoran♂,46,57,40,50,40,40,273,0.5,9.0,235,0
Nidorino,61,72,57,65,55,55,365,0.9,19.5,120,0
Nidoking,81,102,77,85,85,75,505,1.4,62.0,45,0
Clefairy,70,45,48,35,60,65,323,0.6,7.5,150,0
Clefable,95,70,73,60,95,90,483,1.3,40.0,25,0
Vulpix,38,41,40,65,50,65,299,0.6,9.9,190,0
Ninetales,73,67,75,109,81,100,505,1.1,19.9,75,0
Jigglypuff,115,45,20,20,45,25,270,0.5,5.5,170,0
Wigglytuff,140,70,45,45,85,50,435,1.0,12.0,50,0
Zubat,40,45,35,55,30,40,245,0.8,7.5,255,0
Golbat,75,80,70,90,65,75,455,1.6,55.0,90,0
Oddish,45,50,55,30,75,65,320,0.5,5.4,255,0
Gloom,60,65,70,40,85,75,395,0.8,8.6,120,0
Vileplume,75,80,85,50,110,90,490,1.2,18.6,45,0
Paras,35,70,55,25,45,55,285,0.3,5.4,190,0
Parasect,60,95,80,30,60,80,405,1.0,29.5,75,0
Venonat,60,55,50,45,40,55,305,1.0,30.0,190,0
Venomoth,70,65,60,90,90,75,450,1.5,12.5,75,0
Diglett,10,55,30,90,35,45,265,0.2,0.8,255,0
Dugtrio,35,100,60,110,50,70,425,0.7,33.3,50,0
Meowth,40,35,35,90,50,40,290,0.4,4.2,255,0
Persian,65,60,60,115,75,65,440,1.0,32.0,90,0
Psyduck,50,52,48,55,65,50,320,0.8,19.6,190,0
Golduck,80,82,78,85,95,80,500,1.7,76.6,75,0
Mankey,40,80,35,70,35,45,305,0.5,28.0,190,0
Primeape,65,105,60,95,60,70,455,1.0,32.0,75,0
Growlithe,55,70,45,60,70,50,350,0.7,19.0,190,0
Arcanine,90,110,80,95,100,80,555,1.9,155.0,75,0
Poliwag,40,50,40,90,40,40,300,0.6,12.4,255,0
Poliwhirl,65,65,65,90,50,50,385,1.0,20.0,120,0
Poliwrath,90,95,95,70,70,90,510,1.3,54.0,45,0
Abra,25,20,15,90,105,55,310,0.9,19.5,200,0
Kadabra,40,35,30,105,120,70,400,1.3,56.5,100,0
Alakazam,55,50,65,150,175,105,600,1.5,48.0,50,0
Machop,70,80,50,35,35,35,305,0.8,19.5,180,0
Machoke,80,100,70,45,50,60,405,1.5,70.5,90,0
Machamp,90,130,80,55,65,85,505,1.6,130.0,45,0
Bellsprout,50,75,35,40,70,30,300,0.7,4.0,255,0
Weepinbell,65,90,50,55,85,45,390,1.0,6.4,120,0
Victreebel,80,105,65,70,100,70,490,1.7,15.5,45,0
Tentacool,40,40,35,70,50,100,335,0.9,45.5,190,0
Tentacruel,80,70,65,100,80,120,515,1.6,55.0,60,0
Geodude,40,80,100,20,30,30,300,0.4,20.3,255,0
Graveler,55,95,115,35,45,45,390,1.0,105.0,120,0
Golem,80,120,130,45,55,65,495,1.7,316.0,45,0
Ponyta,50,85,55,90,65,65,410,1.0,30.0,190,0
Rapidash,65,100,70,105,80,80,500,1.7,95.0,60,0
Slowpoke,90,65,65,15,40,40,315,1.2,36.0,190,0
Slowbro,95,75,180,30,130,80,590,1.6,78.5,75,0
Magnemite,25,35,70,45,95,55,325,0.3,6.0,190,0
Magneton,50,60,95,70,120,70,465,1.0,60.0,60,0
Farfetch'd,52,90,55,60,58,62,377,0.8,15.0,45,0
Doduo,35,85,45,75,35,35,310,1.4,39.2,190,0
Dodrio,60,110,70,110,60,60,470,1.8,85.2,45,0
Seel,65,45,55,45,45,70,325,1.1,90.0,190,0
Dewgong,90,70,80,70,70,95,475,1.7,120.0,75,0
Grimer,80,80,50,25,40,50,325,0.9,30.0,190,0
Muk,105,105,75,50,65,100,500,1.2,52.0,75,0
Shellder,30,65,100,40,45,25,305,0.3,4.0,190,0
Cloyster,50,95,180,70,85,45,525,1.5,132.5,60,0
Gastly,30,35,30,80,100,35,310,1.3,0.1,190,0
Haunter,45,50,45,95,115,55,405,1.6,0.1,90,0
Gengar,60,65,80,130,170,95,600,1.5,40.5,45,0
Onix,35,45,160,70,30,45,385,8.8,210.0,45,0
Drowzee,60,48,45,42,43,90,328,1.0,32.4,190,0
Hypno,85,73,70,67,73,115,483,1.6,75.6,75,0
Krabby,30,105,90,50,25,25,325,0.4,6.5,225,0
Kingler,55,130,115,75,50,50,475,1.3,60.0,60,0
Voltorb,40,30,50,100,55,55,330,0.5,10.4,190,0
Electrode,60,50,70,150,80,80,490,1.2,66.6,60,0
Exeggcute,60,40,80,40,60,45,325,0.4,2.5,90,0
Exeggutor,95,105,85,45,125,75,530,2.0,120.0,45,0
Cubone,50,50,95,35,40,50,320,0.4,6.5,190,0
Marowak,60,80,110,45,50,80,425,1.0,45.0,75,0
Hitmonlee,50,120,53,87,35,110,455,1.5,49.8,45,0
Hitmonchan,50,105,79,76,35,110,455,1.4,50.2,45,0
Lickitung,90,55,75,30,60,75,385,1.2,65.5,45,0
Koffing,40,65,95,35,60,45,340,0.6,1.0,190,0
Weezing,65,90,120,60,85,70,490,1.2,9.5,60,0
Rhyhorn,80,85,95,25,30,30,345,1.0,115.0,120,0
Rhydon,105,130,120,40,45,45,485,1.9,120.0,60,0
Chansey,250,5,5,50,35,105,450,1.1,34.6,30,0
Tangela,65,55,115,60,100,40,435,1.0,35.0,45,0
Kangaskhan,105,125,100,100,60,100,590,2.2,80.0,45,0
Horsea,30,40,70,60,70,25,295,0.4,8.0,225,0
Seadra,55,65,95,85,95,45,440,1.2,25.0,75,0
Goldeen,45,67,60,63,35,50,320,0.6,15.0,225,0
Seaking,80,92,65,68,65,80,450,1.3,39.0,60,0
Staryu,30,45,55,85,70,55,340,0.8,34.5,225,0
Starmie,60,75,85,115,100,85,520,1.1,80.0,60,0
Mr. Mime,40,45,65,90,100,120,460,1.3,54.5,45,0
Scyther,70,110,80,105,55,80,500,1.5,56.0,45,0
Jynx,65,50,35,95,115,95,455,1.4,40.6,45,0
Electabuzz,65,83,57,105,95,85,490,1.1,30.0,45,0
Magmar,65,95,57,93,100,85,495,1.3,44.5,45,0
Pinsir,65,155,120,105,65,90,600,1.5,55.0,45,0
Tauros,75,100,95,110,40,70,490,1.4,88.4,45,0
Magikarp,20,10,55,80,15,20,200,0.9,10.0,255,0
Gyarados,95,155,109,81,70,130,640,6.5,235.0,45,0
Lapras,130,85,80,60,85,95,535,2.5,220.0,45,0
Ditto,48,48,48,48,48,48,288,0.3,4.0,35,0
Eevee,55,55,50,55,45,65,325,0.3,6.5,45,0
Vaporeon,130,65,60,65,110,95,525,1.0,29.0,45,0
Jolteon,65,65,60,130,110,95,525,0.8,24.5,45,0
Flareon,65,130,60,65,95,110,525,0.9,25.0,45,0
Porygon,65,60,70,40,85,75,395,0.8,36.5,45,0
Omanyte,35,40,100,35,90,55,355,0.4,7.5,45,0
Omastar,70,60,125,55,115,70,495,1.0,35.0,45,0
Kabuto,30,80,90,55,55,45,355,0.5,11.5,45,0
Kabutops,60,115,105,80,65,70,495,1.3,40.5,45,0
Aerodactyl,80,135,85,150,70,95,615,1.8,59.0,45,0
Snorlax,160,110,65,30,65,110,540,2.1,460.0,25,0
Articuno,90,85,100,85,95,125,580,1.7,55.4,3,1
Zapdos,90,90,85,100,125,90,580,1.6,52.6,3,1
Moltres,90,100,90,90,125,85,580,2.0,60.0,3,1
Dratini,41,64,45,50,50,50,300,1.8,3.3,45,0
Dragonair,61,84,65,70,70,70,420,4.0,16.5,45,0
Dragonite,91,134,95,80,100,100,600,2.2,210.0,45,0
Mewtwo,106,150,70,140,194,120,780,2.0,122.0,3,1
Mew,100,100,100,100,100,100,600,0.4,4.0,45,1
Chikorita,45,49,65,45,49,65,318,0.9,6.4,45,0
Bayleef,60,62,80,60,63,80,405,1.2,15.8,45,0
Meganium,80,82,100,80,83,100,525,1.8,100.5,45,0
Cyndaquil,39,52,43,65,60,50,309,0.5,7.9,45,0
Quilava,58,64,58,80,80,65,405,0.9,19.0,45,0
Typhlosion,78,84,78,100,109,85,534,1.7,79.5,45,0
Totodile,50,65,64,43,44,48,314,0.6,9.5,45,0
Croconaw,65,80,80,58,59,63,405,1.1,25.0,45,0
Feraligatr,85,105,100,78,79,83,530,2.3,88.8,45,0
Sentret,35,46,34,20,35,45,215,0.8,6.0,255,0
Furret,85,76,64,90,45,55,415,1.8,32.5,90,0
Hoothoot,60,30,30,50,36,56,262,0.7,21.2,255,0
Noctowl,100,50,50,70,86,96,452,1.6,40.8,90,0
Ledyba,40,20,30,55,40,80,265,1.0,10.8,255,0
Ledian,55,35,50,85,55,110,390,1.4,35.6,90,0
Spinarak,40,60,40,30,40,40,250,0.5,8.5,255,0
Ariados,70,90,70,40,60,70,400,1.1,33.5,90,0
Crobat,85,90,80,130,70,80,535,1.8,75.0,90,0
Chinchou,75,38,38,67,56,56,330,0.5,12.0,190,0
Lanturn,125,58,58,67,76,76,460,1.2,22.5,75,0
Pichu,20,40,15,60,35,35,205,0.3,2.0,190,0
Cleffa,50,25,28,15,45,55,218,0.3,3.0,150,0
Igglybuff,90,30,15,15,40,20,210,0.3,1.0,170,0
Togepi,35,20,65,20,40,65,245,0.3,1.5,190,0
Togetic,55,40,85,40,80,105,405,0.6,3.2,75,0
Natu,40,50,45,70,70,45,320,0.2,2.0,190,0
Xatu,65,75,70,95,95,70,470,1.5,15.0,75,0
Mareep,55,40,40,35,65,45,280,0.6,7.8,235,0
Flaaffy,70,55,55,45,80,60,365,0.8,13.3,120,0
Ampharos,90,95,105,45,165,110,610,1.4,61.5,45,0
Bellossom,75,80,95,50,90,100,490,0.4,5.8,45,0
Marill,70,20,50,40,20,50,250,0.4,8.5,190,0
Azumarill,100,50,80,50,60,80,420,0.8,28.5,75,0
Sudowoodo,70,100,115,30,30,65,410,1.2,38.0,65,0
Politoed,90,75,75,70,90,100,500,1.1,33.9,45,0
Hoppip,35,35,40,50,35,55,250,0.4,0.5,255,0
Skiploom,55,45,50,80,45,65,340,0.6,1.0,120,0
Jumpluff,75,55,70,110,55,95,460,0.8,3.0,45,0
Aipom,55,70,55,85,40,55,360,0.8,11.5,45,0
Sunkern,30,30,30,30,30,30,180,0.3,1.8,235,0
Sunflora,75,75,55,30,105,85,425,0.8,8.5,120,0
Yanma,65,65,45,95,75,45,390,1.2,38.0,75,0
Wooper,55,45,45,15,25,25,210,0.4,8.5,255,0
Quagsire,95,85,85,35,65,65,430,1.4,75.0,90,0
Espeon,65,65,60,110,130,95,525,0.9,26.5,45,0
Umbreon,95,65,110,65,60,130,525,1.0,27.0,45,0
Murkrow,60,85,42,91,85,42,405,0.5,2.1,30,0
Slowking,95,75,80,30,100,110,490,2.0,79.5,70,0
Misdreavus,60,60,60,85,85,85,435,0.7,1.0,45,0
Unown,48,72,48,48,72,48,336,0.5,5.0,225,0
Wobbuffet,190,33,58,33,33,58,405,1.3,28.5,45,0
Girafarig,70,80,65,85,90,65,455,1.5,41.5,60,0
Pineco,50,65,90,15,35,35,290,0.6,7.2,190,0
Forretress,75,90,140,40,60,60,465,1.2,125.8,75,0
Dunsparce,100,70,70,45,65,65,415,1.5,14.0,190,0
Gligar,65,75,105,85,35,65,430,1.1,64.8,60,0
Steelix,75,125,230,30,55,95,610,9.2,400.0,25,0
Snubbull,60,80,50,30,40,40,300,0.6,7.8,190,0
Granbull,90,120,75,45,60,60,450,1.4,48.7,75,0
Qwilfish,65,95,85,85,55,55,440,0.5,3.9,45,0
Scizor,70,150,140,75,65,100,600,1.8,118.0,25,0
Shuckle,20,10,230,5,10,230,505,0.6,20.5,190,0
Heracross,80,185,115,75,40,105,600,1.5,54.0,45,0
Sneasel,55,95,55,115,35,75,430,0.9,28.0,60,0
Teddiursa,60,80,50,40,50,50,330,0.6,8.8,120,0
Ursaring,90,130,75,55,75,75,500,1.8,125.8,60,0
Slugma,40,40,40,20,70,40,250,0.7,35.0,190,0
Magcargo,60,50,120,30,90,80,430,0.8,55.0,75,0
Swinub,50,50,40,50,30,30,250,0.4,6.5,225,0
Piloswine,100,100,80,50,60,60,450,1.1,55.8,75,0
Corsola,65,55,95,35,65,95,410,0.6,5.0,60,0
Remoraid,35,65,35,65,65,35,300,0.6,12.0,190,0
Octillery,75,105,75,45,105,75,480,0.9,28.5,75,0
Delibird,45,55,45,75,65,45,330,0.9,16.0,45,0
Mantine,85,40,70,70,80,140,485,2.1,220.0,25,0
Skarmory,65,80,140,70,40,70,465,1.7,50.5,25,0
Houndour,45,60,30,65,80,50,330,0.6,10.8,120,0
Houndoom,75,90,90,115,140,90,600,1.4,35.0,45,0
Kingdra,75,95,95,85,95,95,540,1.8,152.0,45,0
Phanpy,90,60,60,40,40,40,330,0.5,33.5,120,0
Donphan,90,120,120,50,60,60,500,1.1,120.0,60,0
Porygon2,85,80,90,60,105,95,515,0.6,32.5,45,0
Stantler,73,95,62,85,85,65,465,1.4,71.2,45,0
Smeargle,55,20,35,75,20,45,250,1.2,58.0,45,0
Tyrogue,35,35,35,35,35,35,210,0.7,21.0,75,0
Hitmontop,50,95,95,70,35,110,455,1.4,48.0,45,0
Smoochum,45,30,15,65,85,65,305,0.4,6.0,45,0
Elekid,45,63,37,95,65,55,360,0.6,23.5,45,0
Magby,45,75,37,83,70,55,365,0.7,21.4,45,0
Miltank,95,80,105,100,40,70,490,1.2,75.5,45,0
Blissey,255,10,10,55,75,135,540,1.5,46.8,30,0
Raikou,90,85,75,115,115,100,580,1.9,178.0,3,1
Entei,115,115,85,100,90,75,580,2.1,198.0,3,1
Suicune,100,75,115,85,90,115,580,2.0,187.0,3,1
Larvitar,50,64,50,41,45,50,300,0.6,72.0,45,0
Pupitar,70,84,70,51,65,70,410,1.2,152.0,45,0
Tyranitar,100,164,150,71,95,120,700,2.0,202.0,45,0
Lugia,106,90,130,110,90,154,680,5.2,216.0,3,1
Ho-Oh,106,130,90,90,110,154,680,3.8,199.0,3,1
Celebi,100,100,100,100,100,100,600,0.6,5.0,45,1
Treecko,40,45,35,70,65,55,310,0.5,5.0,45,0
Grovyle,50,65,45,95,85,65,405,0.9,21.6,45,0
Sceptile,70,110,75,145,145,85,630,1.7,52.2,45,0
Torchic,45,60,40,45,70,50,310,0.4,2.5,45,0
Combusken,60,85,60,55,85,60,405,0.9,19.5,45,0
Blaziken,80,160,80,100,130,80,630,1.9,52.0,45,0
Mudkip,50,70,50,40,50,50,310,0.4,7.6,45,0
Marshtomp,70,85,70,50,60,70,405,0.7,28.0,45,0
Swampert,100,150,110,70,95,110,635,1.5,81.9,45,0
Poochyena,35,55,35,35,30,30,220,0.5,13.6,255,0
Mightyena,70,90,70,70,60,60,420,1.0,37.0,127,0
Zigzagoon,38,30,41,60,30,41,240,0.4,17.5,255,0
Linoone,78,70,61,100,50,61,420,0.5,32.5,90,0
Wurmple,45,45,35,20,20,30,195,0.3,3.6,255,0
Silcoon,50,35,55,15,25,25,205,0.6,10.0,120,0
Beautifly,60,70,50,65,100,50,395,1.0,28.4,45,0
Cascoon,50,35,55,15,25,25,205,0.7,11.5,120,0
Dustox,60,50,70,65,50,90,385,1.2,31.6,45,0
Lotad,40,30,30,30,40,50,220,0.5,2.6,255,0
Lombre,60,50,50,50,60,70,340,1.2,32.5,120,0
Ludicolo,80,70,70,70,90,100,480,1.5,55.0,45,0
Seedot,40,40,50,30,30,30,220,0.5,4.0,255,0
Nuzleaf,70,70,40,60,60,40,340,1.0,28.0,120,0
Shiftry,90,100,60,80,90,60,480,1.3,59.6,45,0
Taillow,40,55,30,85,30,30,270,0.3,2.3,200,0
Swellow,60,85,60,125,75,50,455,0.7,19.8,45,0
Wingull,40,30,30,85,55,30,270,0.6,9.5,190,0
Pelipper,60,50,100,65,95,70,440,1.2,28.0,45,0
Ralts,28,25,25,40,45,35,198,0.4,6.6,235,0
Kirlia,38,35,35,50,65,55,278,0.8,20.2,120,0
Gardevoir,68,85,65,100,165,135,618,1.6,48.4,45,0
Surskit,40,30,32,65,50,52,269,0.5,1.7,200,0
Masquerain,70,60,62,80,100,82,454,0.8,3.6,75,0
Shroomish,60,40,60,35,40,60,295,0.4,4.5,255,0
Breloom,60,130,80,70,60,60,460,1.2,39.2,90,0
Slakoth,60,60,60,30,35,35,280,0.8,24.0,255,0
Vigoroth,80,80,80,90,55,55,440,1.4,46.5,120,0
Slaking,150,160,100,100,95,65,670,2.0,130.5,45,0
Nincada,31,45,90,40,30,30,266,0.5,5.5,255,0
Ninjask,61,90,45,160,50,50,456,0.8,12.0,120,0
Shedinja,1,90,45,40,30,30,236,0.8,1.2,45,0
Whismur,64,51,23,28,51,23,240,0.6,16.3,190,0
Loudred,84,71,43,48,71,43,360,1.0,40.5,120,0
Exploud,104,91,63,68,91,73,490,1.5,84.0,45,0
Makuhita,72,60,30,25,20,30,237,1.0,86.4,180,0
Hariyama,144,120,60,50,40,60,474,2.3,253.8,200,0
Azurill,50,20,40,20,20,40,190,0.2,2.0,150,0
Nosepass,30,45,135,30,45,90,375,1.0,97.0,255,0
Skitty,50,45,45,50,35,35,260,0.6,11.0,255,0
Delcatty,70,65,65,90,55,55,400,1.1,32.6,60,0
Sableye,50,85,125,20,85,115,480,0.5,11.0,45,0
Mawile,50,105,125,50,55,95,480,0.6,11.5,45,0
Aron,50,70,100,30,40,40,330,0.4,60.0,180,0
Lairon,60,90,140,40,50,50,430,0.9,120.0,90,0
Aggron,70,140,230,50,60,80,630,2.1,360.0,45,0
Meditite,30,40,55,60,40,55,280,0.6,11.2,180,0
Medicham,60,100,85,100,80,85,510,1.3,31.5,90,0
Electrike,40,45,40,65,65,40,295,0.6,15.2,120,0
Manectric,70,75,80,135,135,80,575,1.5,40.2,45,0
Plusle,60,50,40,95,85,75,405,0.4,4.2,200,0
Minun,60,40,50,95,75,85,405,0.4,4.2,200,0
Volbeat,65,73,75,85,47,85,430,0.7,17.7,150,0
Illumise,65,47,75,85,73,85,430,0.6,17.7,150,0
Roselia,50,60,45,65,100,80,400,0.3,2.0,150,0
Gulpin,70,43,53,40,43,53,302,0.4,10.3,225,0
Swalot,100,73,83,55,73,83,467,1.7,80.0,75,0
Carvanha,45,90,20,65,65,20,305,0.8,20.8,225,0
Sharpedo,70,140,70,105,110,65,560,1.8,88.8,60,0
Wailmer,130,70,35,60,70,35,400,2.0,130.0,125,0
Wailord,170,90,45,60,90,45,500,14.5,398.0,60,0
Numel,60,60,40,35,65,45,305,0.7,24.0,255,0
Camerupt,70,120,100,20,145,105,560,1.9,220.0,150,0
Torkoal,70,85,140,20,85,70,470,0.5,80.4,90,0
Spoink,60,25,35,60,70,80,330,0.7,30.6,255,0
Grumpig,80,45,65,80,90,110,470,0.9,71.5,60,0
Spinda,60,60,60,60,60,60,360,1.1,5.0,255,0
Trapinch,45,100,45,10,45,45,290,0.7,15.0,255,0
Vibrava,50,70,50,70,50,50,340,1.1,15.3,120,0
Flygon,80,100,80,100,80,80,520,2.0,82.0,45,0
Cacnea,50,85,40,35,85,40,335,0.4,51.3,190,0
Cacturne,70,115,60,55,115,60,475,1.3,77.4,60,0
Swablu,45,40,60,50,40,75,310,0.4,1.2,255,0
Altaria,75,110,110,80,110,105,590,1.1,20.6,45,0
Zangoose,73,115,60,90,60,60,458,1.3,40.3,90,0
Seviper,73,100,60,65,100,60,458,2.7,52.5,90,0
Lunatone,90,55,65,70,95,85,460,1.0,168.0,45,0
Solrock,90,95,85,70,55,65,460,1.2,154.0,45,0
Barboach,50,48,43,60,46,41,288,0.4,1.9,190,0
Whiscash,110,78,73,60,76,71,468,0.9,23.6,75,0
Corphish,43,80,65,35,50,35,308,0.6,11.5,205,0
Crawdaunt,63,120,85,55,90,55,468,1.1,32.8,155,0
Baltoy,40,40,55,55,40,70,300,0.5,21.5,255,0
Claydol,60,70,105,75,70,120,500,1.5,108.0,90,0
Lileep,66,41,77,23,61,87,355,1.0,23.8,45,0
Cradily,86,81,97,43,81,107,495,1.5,60.4,45,0
Anorith,45,95,50,75,40,50,355,0.7,12.5,45,0
Armaldo,75,125,100,45,70,80,495,1.5,68.2,45,0
Feebas,20,15,20,80,10,55,200,0.6,7.4,255,0
Milotic,95,60,79,81,100,125,540,6.2,162.0,60,0
Castform,70,70,70,70,70,70,420,0.3,0.8,45,0
Kecleon,60,90,70,40,60,120,440,1.0,22.0,200,0
Shuppet,44,75,35,45,63,33,295,0.6,2.3,225,0
Banette,64,165,75,75,93,83,555,1.1,12.5,45,0
Duskull,20,40,90,25,30,90,295,0.8,15.0,190,0
Dusclops,40,70,130,25,60,130,455,1.6,30.6,90,0
Tropius,99,68,83,51,72,87,460,2.0,100.0,200,0
Chimecho,75,50,80,65,95,90,455,0.6,1.0,45,0
Absol,65,150,60,115,115,60,565,1.2,47.0,30,0
Wynaut,95,23,48,23,23,48,260,0.6,14.0,125,0
Snorunt,50,50,50,50,50,50,300,0.7,16.8,190,0
Glalie,80,120,80,100,120,80,580,1.5,256.5,75,0
Spheal,70,40,50,25,55,50,290,0.8,39.5,255,0
Sealeo,90,60,70,45,75,70,410,1.1,87.6,120,0
Walrein,110,80,90,65,95,90,530,1.4,150.6,45,0
Clamperl,35,64,85,32,74,55,345,0.4,52.5,255,0
Huntail,55,104,105,52,94,75,485,1.7,27.0,60,0
Gorebyss,55,84,105,52,114,75,485,1.8,22.6,60,0
Relicanth,100,90,130,55,45,65,485,1.0,23.4,25,0
Luvdisc,43,30,55,97,40,65,330,0.6,8.7,225,0
Bagon,45,75,60,50,40,30,300,0.6,42.1,45,0
Shelgon,65,95,100,50,60,50,420,1.1,110.5,45,0
Salamence,95,145,130,120,120,90,700,1.5,102.6,45,0
Beldum,40,55,80,30,35,60,300,0.6,95.2,3,0
Metang,60,75,100,50,55,80,420,1.2,202.5,3,0
Metagross,80,145,150,110,105,110,700,1.6,550.0,3,0
Regirock,80,100,200,50,50,100,580,1.7,230.0,3,1
Regice,80,50,100,50,100,200,580,1.8,175.0,3,1
Registeel,80,75,150,50,75,150,580,1.9,205.0,3,1
Latias,80,100,120,110,140,150,700,1.4,40.0,3,1
Latios,80,130,100,110,160,120,700,2.0,60.0,3,1
Kyogre,100,150,90,90,180,160,770,4.5,352.0,3,1
Groudon,100,180,160,90,150,90,770,3.5,950.0,3,1
Rayquaza,105,180,100,115,180,100,780,7.0,206.5,45,1
Jirachi,100,100,100,100,100,100,600,0.3,1.1,3,1
Deoxys,50,95,90,180,95,90,600,1.7,60.8,3,1
Turtwig,55,68,64,31,45,55,318,0.4,10.2,45,0
Grotle,75,89,85,36,55,65,405,1.1,97.0,45,0
Torterra,95,109,105,56,75,85,525,2.2,310.0,45,0
Chimchar,44,58,44,61,58,44,309,0.5,6.2,45,0
Monferno,64,78,52,81,78,52,405,0.9,22.0,45,0
Infernape,76,104,71,108,104,71,534,1.2,55.0,45,0
Piplup,53,51,53,40,61,56,314,0.4,5.2,45,0
Prinplup,64,66,68,50,81,76,405,0.8,23.0,45,0
Empoleon,84,86,88,60,111,101,530,1.7,84.5,45,0
Starly,40,55,30,60,30,30,245,0.3,2.0,255,0
Staravia,55,75,50,80,40,40,340,0.6,15.5,120,0
Staraptor,85,120,70,100,50,60,485,1.2,24.9,45,0
Bidoof,59,45,40,31,35,40,250,0.5,20.0,255,0
Bibarel,79,85,60,71,55,60,410,1.0,31.5,127,0
Kricketot,37,25,41,25,25,41,194,0.3,2.2,255,0
Kricketune,77,85,51,65,55,51,384,1.0,25.5,45,0
Shinx,45,65,34,45,40,34,263,0.5,9.5,235,0
Luxio,60,85,49,60,60,49,363,0.9,30.5,120,0
Luxray,80,120,79,70,95,79,523,1.4,42.0,45,0
Budew,40,30,35,55,50,70,280,0.2,1.2,255,0
Roserade,60,70,65,90,125,105,515,0.9,14.5,75,0
Cranidos,67,125,40,58,30,30,350,0.9,31.5,45,0
Rampardos,97,165,60,58,65,50,495,1.6,102.5,45,0
Shieldon,30,42,118,30,42,88,350,0.5,57.0,45,0
Bastiodon,60,52,168,30,47,138,495,1.3,149.5,45,0
Burmy,40,29,45,36,29,45,224,0.2,3.4,120,0
Wormadam,60,69,95,36,69,95,424,0.5,6.5,45,0
Mothim,70,94,50,66,94,50,424,0.9,23.3,45,0
Combee,30,30,42,70,30,42,244,0.3,5.5,120,0
Vespiquen,70,80,102,40,80,102,474,1.2,38.5,45,0
Pachirisu,60,45,70,95,45,90,405,0.4,3.9,200,0
Buizel,55,65,35,85,60,30,330,0.7,29.5,190,0
Floatzel,85,105,55,115,85,50,495,1.1,33.5,75,0
Cherubi,45,35,45,35,62,53,275,0.4,3.3,190,0
Cherrim,70,60,70,85,87,78,450,0.5,9.3,75,0
Shellos,76,48,48,34,57,62,325,0.3,6.3,190,0
Gastrodon,111,83,68,39,92,82,475,0.9,29.9,75,0
Ambipom,75,100,66,115,60,66,482,1.2,20.3,45,0
Drifloon,90,50,34,70,60,44,348,0.4,1.2,125,0
Drifblim,150,80,44,80,90,54,498,1.2,15.0,60,0
Buneary,55,66,44,85,44,56,350,0.4,5.5,190,0
Lopunny,65,136,94,135,54,96,580,1.2,33.3,60,0
Mismagius,60,60,60,105,105,105,495,0.9,4.4,45,0
Honchkrow,100,125,52,71,105,52,505,0.9,27.3,30,0
Glameow,49,55,42,85,42,37,310,0.5,3.9,190,0
Purugly,71,82,64,112,64,59,452,1.0,43.8,75,0
Chingling,45,30,50,45,65,50,285,0.2,0.6,120,0
Stunky,63,63,47,74,41,41,329,0.4,19.2,225,0
Skuntank,103,93,67,84,71,61,479,1.0,38.0,60,0
Bronzor,57,24,86,23,24,86,300,0.5,60.5,255,0
Bronzong,67,89,116,33,79,116,500,1.3,187.0,90,0
Bonsly,50,80,95,10,10,45,290,0.5,15.0,255,0
Mime Jr.,20,25,45,60,70,90,310,0.6,13.0,145,0
Happiny,100,5,5,30,15,65,220,0.6,24.4,130,0
Chatot,76,65,45,91,92,42,411,0.5,1.9,30,0
Spiritomb,50,92,108,35,92,108,485,1.0,108.0,100,0
Gible,58,70,45,42,40,45,300,0.7,20.5,45,0
Gabite,68,90,65,82,50,55,410,1.4,56.0,45,0
Garchomp,108,170,115,92,120,95,700,1.9,95.0,45,0
Munchlax,135,85,40,5,40,85,390,0.6,105.0,50,0
Riolu,40,70,40,60,35,40,285,0.7,20.2,75,0
Lucario,70,145,88,112,140,70,625,1.2,54.0,45,0
Hippopotas,68,72,78,32,38,42,330,0.8,49.5,140,0
Hippowdon,108,112,118,47,68,72,525,2.0,300.0,60,0
Skorupi,40,50,90,65,30,55,330,0.8,12.0,120,0
Drapion,70,90,110,95,60,75,500,1.3,61.5,45,0
Croagunk,48,61,40,50,61,40,300,0.7,23.0,140,0
Toxicroak,83,106,65,85,86,65,490,1.3,44.4,75,0
Carnivine,74,100,72,46,90,72,454,1.4,27.0,200,0
Finneon,49,49,56,66,49,61,330,0.4,7.0,190,0
Lumineon,69,69,76,91,69,86,460,1.2,24.0,75,0
Mantyke,45,20,50,50,60,120,345,1.0,65.0,25,0
Snover,60,62,50,40,62,60,334,1.0,50.5,120,0
Abomasnow,90,132,105,30,132,105,594,2.2,135.5,60,0
Weavile,70,120,65,125,45,85,510,1.1,34.0,45,0
Magnezone,70,70,115,60,130,90,535,1.2,180.0,30,0
Lickilicky,110,85,95,50,80,95,515,1.7,140.0,30,0
Rhyperior,115,140,130,40,55,55,535,2.4,282.8,30,0
Tangrowth,100,100,125,50,110,50,535,2.0,128.6,30,0
Electivire,75,123,67,95,95,85,540,1.8,138.6,30,0
Magmortar,75,95,67,83,125,95,540,1.6,68.0,30,0
Togekiss,85,50,95,80,120,115,545,1.5,38.0,30,0
Yanmega,86,76,86,95,116,56,515,1.9,51.5,30,0
Leafeon,65,110,130,95,60,65,525,1.0,25.5,45,0
Glaceon,65,60,110,65,130,95,525,0.8,25.9,45,0
Gliscor,75,95,125,95,45,75,510,2.0,42.5,30,0
Mamoswine,110,130,80,80,70,60,530,2.5,291.0,50,0
Porygon-Z,85,80,70,90,135,75,535,0.9,34.0,30,0
Gallade,68,165,95,110,65,115,618,1.6,52.0,45,0
Probopass,60,55,145,40,75,150,525,1.4,340.0,60,0
Dusknoir,45,100,135,45,65,135,525,2.2,106.6,45,0
Froslass,70,80,70,110,80,70,480,1.3,26.6,75,0
Rotom,50,65,107,86,105,107,520,0.3,0.3,45,0
Uxie,75,75,130,95,75,130,580,0.3,0.3,3,1
Mesprit,80,105,105,80,105,105,580,0.3,0.3,3,1
Azelf,75,125,70,115,125,70,580,0.3,0.3,3,1
Dialga,100,120,120,90,150,100,680,5.4,683.0,3,1
Palkia,90,120,100,100,150,120,680,4.2,336.0,3,1
Heatran,91,90,106,77,130,106,600,1.7,430.0,3,1
Regigigas,110,160,110,100,80,110,670,3.7,420.0,3,1
Giratina,150,120,100,90,120,100,680,4.5,750.0,3,1
Cresselia,120,70,120,85,75,130,600,1.5,85.6,3,1
Phione,80,80,80,80,80,80,480,0.4,3.1,30,0
Manaphy,100,100,100,100,100,100,600,0.3,1.4,3,1
Darkrai,70,90,90,125,135,90,600,1.5,50.5,3,1
Shaymin,100,103,75,127,120,75,600,0.2,2.1,45,1
Arceus,120,120,120,120,120,120,720,3.2,320.0,3,1
Victini,100,100,100,100,100,100,600,0.4,4.0,3,1
Snivy,45,45,55,63,45,55,308,0.6,8.1,45,0
Servine,60,60,75,83,60,75,413,0.8,16.0,45,0
Serperior,75,75,95,113,75,95,528,3.3,63.0,45,0
Tepig,65,63,45,45,45,45,308,0.5,9.9,45,0
Pignite,90,93,55,55,70,55,418,1.0,55.5,45,0
Emboar,110,123,65,65,100,65,528,1.6,150.0,45,0
Oshawott,55,55,45,45,63,45,308,0.5,5.9,45,0
Dewott,75,75,60,60,83,60,413,0.8,24.5,45,0
Samurott,95,100,85,70,108,70,528,1.5,94.6,45,0
Patrat,45,55,39,42,35,39,255,0.5,11.6,255,0
Watchog,60,85,69,77,60,69,420,1.1,27.0,255,0
Lillipup,45,60,45,55,25,45,275,0.4,4.1,255,0
Herdier,65,80,65,60,35,65,370,0.9,14.7,120,0
Stoutland,85,110,90,80,45,90,500,1.2,61.0,45,0
Purrloin,41,50,37,66,50,37,281,0.4,10.1,255,0
Liepard,64,88,50,106,88,50,446,1.1,37.5,90,0
Pansage,50,53,48,64,53,48,316,0.6,10.5,190,0
Simisage,75,98,63,101,98,63,498,1.1,30.5,75,0
Pansear,50,53,48,64,53,48,316,0.6,11.0,190,0
Simisear,75,98,63,101,98,63,498,1.0,28.0,75,0
Panpour,50,53,48,64,53,48,316,0.6,13.5,190,0
Simipour,75,98,63,101,98,63,498,1.0,29.0,75,0
Munna,76,25,45,24,67,55,292,0.6,23.3,190,0
Musharna,116,55,85,29,107,95,487,1.1,60.5,75,0
Pidove,50,55,50,43,36,30,264,0.3,2.1,255,0
Tranquill,62,77,62,65,50,42,358,0.6,15.0,120,0
Unfezant,80,115,80,93,65,55,488,1.2,29.0,45,0
Blitzle,45,60,32,76,50,32,295,0.8,29.8,190,0
Zebstrika,75,100,63,116,80,63,497,1.6,79.5,75,0
Roggenrola,55,75,85,15,25,25,280,0.4,18.0,255,0
Boldore,70,105,105,20,50,40,390,0.9,102.0,120,0
Gigalith,85,135,130,25,60,80,515,1.7,260.0,45,0
Woobat,65,45,43,72,55,43,323,0.4,2.1,190,0
Swoobat,67,57,55,114,77,55,425,0.9,10.5,45,0
Drilbur,60,85,40,68,30,45,328,0.3,8.5,120,0
Excadrill,110,135,60,88,50,65,508,0.7,40.4,60,0
Audino,103,60,126,50,80,126,545,1.1,31.0,255,0
Timburr,75,80,55,35,25,35,305,0.6,12.5,180,0
Gurdurr,85,105,85,40,40,50,405,1.2,40.0,90,0
Conkeldurr,105,140,95,45,55,65,505,1.4,87.0,45,0
Tympole,50,50,40,64,50,40,294,0.5,4.5,255,0
Palpitoad,75,65,55,69,65,55,384,0.8,17.0,120,0
Seismitoad,105,95,75,74,85,75,509,1.5,62.0,45,0
Throh,120,100,85,45,30,85,465,1.3,55.5,45,0
Sawk,75,125,75,85,30,75,465,1.4,51.0,45,0
Sewaddle,45,53,70,42,40,60,310,0.3,2.5,255,0
Swadloon,55,63,90,42,50,80,380,0.5,7.3,120,0
Leavanny,75,103,80,92,70,80,500,1.2,20.5,45,0
Venipede,30,45,59,57,30,39,260,0.4,5.3,255,0
Whirlipede,40,55,99,47,40,79,360,1.2,58.5,120,0
Scolipede,60,100,89,112,55,69,485,2.5,200.5,45,0
Cottonee,40,27,60,66,37,50,280,0.3,0.6,190,0
Whimsicott,60,67,85,116,77,75,480,0.7,6.6,75,0
Petilil,45,35,50,30,70,50,280,0.5,6.6,190,0
Lilligant,70,60,75,90,110,75,480,1.1,16.3,75,0
Basculin,70,92,65,98,80,55,460,1.0,18.0,25,0
Sandile,50,72,35,65,35,35,292,0.7,15.2,180,0
Krokorok,60,82,45,74,45,45,351,1.0,33.4,90,0
Krookodile,95,117,80,92,65,70,519,1.5,96.3,45,0
Darumaka,70,90,45,50,15,45,315,0.6,37.5,120,0
Darmanitan,105,30,105,55,140,105,540,1.3,92.9,60,0
Maractus,75,86,67,60,106,67,461,1.0,28.0,255,0
Dwebble,50,65,85,55,35,35,325,0.3,14.5,190,0
Crustle,70,105,125,45,65,75,485,1.4,200.0,75,0
Scraggy,50,75,70,48,35,70,348,0.6,11.8,180,0
Scrafty,65,90,115,58,45,115,488,1.1,30.0,90,0
Sigilyph,72,58,80,97,103,80,490,1.4,14.0,45,0
Yamask,38,30,85,30,55,65,303,0.5,1.5,190,0
Cofagrigus,58,50,145,30,95,105,483,1.7,76.5,90,0
Tirtouga,54,78,103,22,53,45,355,0.7,16.5,45,0
Carracosta,74,108,133,32,83,65,495,1.2,81.0,45,0
Archen,55,112,45,70,74,45,401,0.5,9.5,45,0
Archeops,75,140,65,110,112,65,567,1.4,32.0,45,0
Trubbish,50,50,62,65,40,62,329,0.6,31.0,190,0
Garbodor,80,95,82,75,60,82,474,1.9,107.3,60,0
Zorua,40,65,40,65,80,40,330,0.7,12.5,75,0
Zoroark,60,105,60,105,120,60,510,1.6,81.1,45,0
Minccino,55,50,40,75,40,40,300,0.4,5.8,255,0
Cinccino,75,95,60,115,65,60,470,0.5,7.5,60,0
Gothita,45,30,50,45,55,65,290,0.4,5.8,200,0
Gothorita,60,45,70,55,75,85,390,0.7,18.0,100,0
Gothitelle,70,55,95,65,95,110,490,1.5,44.0,50,0
Solosis,45,30,40,20,105,50,290,0.3,1.0,200,0
Duosion,65,40,50,30,125,60,370,0.6,8.0,100,0
Reuniclus,110,65,75,30,125,85,490,1.0,20.1,50,0
Ducklett,62,44,50,55,44,50,305,0.5,5.5,190,0
Swanna,75,87,63,98,87,63,473,1.3,24.2,45,0
Vanillite,36,50,50,44,65,60,305,0.4,5.7,255,0
Vanillish,51,65,65,59,80,75,395,1.1,41.0,120,0
Vanilluxe,71,95,85,79,110,95,535,1.3,57.5,45,0
Deerling,60,60,50,75,40,50,335,0.6,19.5,190,0
Sawsbuck,80,100,70,95,60,70,475,1.9,92.5,75,0
Emolga,55,75,60,103,75,60,428,0.4,5.0,200,0
Karrablast,50,75,45,60,40,45,315,0.5,5.9,200,0
Escavalier,70,135,105,20,60,105,495,1.0,33.0,75,0
Foongus,69,55,45,15,55,55,294,0.2,1.0,190,0
Amoonguss,114,85,70,30,85,80,464,0.6,10.5,75,0
Frillish,55,40,50,40,65,85,335,1.2,33.0,190,0
Jellicent,100,60,70,60,85,105,480,2.2,135.0,60,0
Alomomola,165,75,80,65,40,45,470,1.2,31.6,75,0
Joltik,50,47,50,65,57,50,319,0.1,0.6,190,0
Galvantula,70,77,60,108,97,60,472,0.8,14.3,75,0
Ferroseed,44,50,91,10,24,86,305,0.6,18.8,255,0
Ferrothorn,74,94,131,20,54,116,489,1.0,110.0,90,0
Klink,40,55,70,30,45,60,300,0.3,21.0,130,0
Klang,60,80,95,50,70,85,440,0.6,51.0,60,0
Klinklang,60,100,115,90,70,85,520,0.6,81.0,30,0
Tynamo,35,55,40,60,45,40,275,0.2,0.3,190,0
Eelektrik,65,85,70,40,75,70,405,1.2,22.0,60,0
Eelektross,85,115,80,50,105,80,515,2.1,80.5,30,0
Elgyem,55,55,55,30,85,55,335,0.5,9.0,255,0
Beheeyem,75,75,75,40,125,95,485,1.0,34.5,90,0
Litwick,50,30,55,20,65,55,275,0.3,3.1,190,0
Lampent,60,40,60,55,95,60,370,0.6,13.0,90,0
Chandelure,60,55,90,80,145,90,520,1.0,34.3,45,0
Axew,46,87,60,57,30,40,320,0.6,18.0,75,0
Fraxure,66,117,70,67,40,50,410,1.0,36.0,60,0
Haxorus,76,147,90,97,60,70,540,1.8,105.5,45,0
Cubchoo,55,70,40,40,60,40,305,0.5,8.5,120,0
Beartic,95,130,80,50,70,80,505,2.6,260.0,60,0
Cryogonal,80,50,50,105,95,135,515,1.1,148.0,25,0
Shelmet,50,40,85,25,40,65,305,0.4,7.7,200,0
Accelgor,80,70,40,145,100,60,495,0.8,25.3,75,0
Stunfisk,109,66,84,32,81,99,471,0.7,11.0,75,0
Mienfoo,45,85,50,65,55,50,350,0.9,20.0,180,0
Mienshao,65,125,60,105,95,60,510,1.4,35.5,45,0
Druddigon,77,120,90,48,60,90,485,1.6,139.0,45,0
Golett,59,74,50,35,35,50,303,1.0,92.0,190,0
Golurk,89,124,80,55,55,80,483,2.8,330.0,90,0
Pawniard,45,85,70,60,40,40,340,0.5,10.2,120,0
Bisharp,65,125,100,70,60,70,490,1.6,70.0,45,0
Bouffalant,95,110,95,55,40,95,490,1.6,94.6,45,0
Rufflet,70,83,50,60,37,50,350,0.5,10.5,190,0
Braviary,100,123,75,80,57,75,510,1.5,41.0,60,0
Vullaby,70,55,75,60,45,65,370,0.5,9.0,190,0
Mandibuzz,110,65,105,80,55,95,510,1.2,39.5,60,0
Heatmor,85,97,66,65,105,66,484,1.4,58.0,90,0
Durant,58,109,112,109,48,48,484,0.3,33.0,90,0
Deino,52,65,50,38,45,50,300,0.8,17.3,45,0
Zweilous,72,85,70,58,65,70,420,1.4,50.0,45,0
Hydreigon,92,105,90,98,125,90,600,1.8,160.0,45,0
Larvesta,55,85,55,60,50,55,360,1.1,28.8,45,0
Volcarona,85,60,65,100,135,105,550,1.6,46.0,15,0
Cobalion,91,90,129,108,90,72,580,2.1,250.0,3,1
Terrakion,91,129,90,108,72,90,580,1.9,260.0,3,1
Virizion,91,90,72,108,90,129,580,2.0,200.0,3,1
Tornadus,79,100,80,121,110,90,580,1.5,63.0,3,1
Thundurus,79,105,70,101,145,80,580,1.5,61.0,3,1
Reshiram,100,120,100,90,150,120,680,3.2,330.0,3,1
Zekrom,100,150,120,90,120,100,680,2.9,345.0,3,1
Landorus,89,145,90,91,105,80,600,1.5,68.0,3,1
Kyurem,125,120,90,95,170,100,700,3.0,325.0,3,1
Keldeo,91,72,90,108,129,90,580,1.4,48.5,3,1
Meloetta,100,128,90,128,77,77,600,0.6,6.5,3,1
Genesect,71,120,95,99,120,95,600,1.5,82.5,3,1
Chespin,56,61,65,38,48,45,313,0.4,9.0,45,0
Quilladin,61,78,95,57,56,58,405,0.7,29.0,45,0
Chesnaught,88,107,122,64,74,75,530,1.6,90.0,45,0
Fennekin,40,45,40,60,62,60,307,0.4,9.4,45,0
Braixen,59,59,58,73,90,70,409,1.0,14.5,45,0
Delphox,75,69,72,104,114,100,534,1.5,39.0,45,0
Froakie,41,56,40,71,62,44,314,0.3,7.0,45,0
Frogadier,54,63,52,97,83,56,405,0.6,10.9,45,0
Greninja,72,145,67,132,153,71,640,1.5,40.0,45,0
Bunnelby,38,36,38,57,32,36,237,0.4,5.0,255,0
Diggersby,85,56,77,78,50,77,423,1.0,42.4,127,0
Fletchling,45,50,43,62,40,38,278,0.3,1.7,255,0
Fletchinder,62,73,55,84,56,52,382,0.7,16.0,120,0
Talonflame,78,81,71,126,74,69,499,1.2,24.5,45,0
Scatterbug,38,35,40,35,27,25,200,0.3,2.5,255,0
Spewpa,45,22,60,29,27,30,213,0.3,8.4,120,0
Vivillon,80,52,50,89,90,50,411,1.2,17.0,45,0
Litleo,62,50,58,72,73,54,369,0.6,13.5,220,0
Pyroar,86,68,72,106,109,66,507,1.5,81.5,65,0
Flabébé,44,38,39,42,61,79,303,0.1,0.1,225,0
Floette,74,65,67,92,125,128,551,0.2,0.9,120,0
Florges,78,65,68,75,112,154,552,1.1,10.0,45,0
Skiddo,66,65,48,52,62,57,350,0.9,31.0,200,0
Gogoat,123,100,62,68,97,81,531,1.7,91.0,45,0
Pancham,67,82,62,43,46,48,348,0.6,8.0,220,0
Pangoro,95,124,78,58,69,71,495,2.1,136.0,65,0
Furfrou,75,80,60,102,65,90,472,1.2,28.0,160,0
Espurr,62,48,54,68,63,60,355,0.3,3.5,190,0
Meowstic,74,48,76,104,83,81,466,0.6,8.5,75,0
Honedge,45,80,100,28,35,37,325,0.8,2.0,180,0
Doublade,59,110,150,35,45,49,448,0.8,4.5,90,0
Aegislash,60,150,50,60,150,50,520,1.7,53.0,45,0
Spritzee,78,52,60,23,63,65,341,0.2,0.5,200,0
Aromatisse,101,72,72,29,99,89,462,0.8,15.5,140,0
Swirlix,62,48,66,49,59,57,341,0.4,3.5,200,0
Slurpuff,82,80,86,72,85,75,480,0.8,5.0,140,0
Inkay,53,54,53,45,37,46,288,0.4,3.5,190,0
Malamar,86,92,88,73,68,75,482,1.5,47.0,80,0
Binacle,42,52,67,50,39,56,306,0.5,31.0,120,0
Barbaracle,72,105,115,68,54,86,500,1.3,96.0,45,0
Skrelp,50,60,60,30,60,60,320,0.5,7.3,225,0
Dragalge,65,75,90,44,97,123,494,1.8,81.5,55,0
Clauncher,50,53,62,44,58,63,330,0.5,8.3,225,0
Clawitzer,71,73,88,59,120,89,500,1.3,35.3,55,0
Helioptile,44,38,33,70,61,43,289,0.5,6.0,190,0
Heliolisk,62,55,52,109,109,94,481,1.0,21.0,75,0
Tyrunt,58,89,77,48,45,45,362,0.8,26.0,45,0
Tyrantrum,82,121,119,71,69,59,521,2.5,270.0,45,0
Amaura,77,59,50,46,67,63,362,1.3,25.2,45,0
Aurorus,123,77,72,58,99,92,521,2.7,225.0,45,0
Sylveon,95,65,65,60,110,130,525,1.0,23.5,45,0
Hawlucha,78,92,75,118,74,63,500,0.8,21.5,100,0
Dedenne,67,58,57,101,81,67,431,0.2,2.2,180,0
Carbink,50,50,150,50,50,150,500,0.3,5.7,60,0
Goomy,45,50,35,40,55,75,300,0.3,2.8,45,0
Sliggoo,68,75,53,60,83,113,452,0.8,17.5,45,0
Goodra,90,100,70,80,110,150,600,2.0,150.5,45,0
Klefki,57,80,91,75,80,87,470,0.2,3.0,75,0
Phantump,43,70,48,38,50,60,309,0.4,7.0,120,0
Trevenant,85,110,76,56,65,82,474,1.5,71.0,60,0
Pumpkaboo,59,66,70,41,44,55,335,0.8,15.0,120,0
Gourgeist,85,100,122,54,58,75,494,1.7,39.0,60,0
Bergmite,55,69,85,28,32,35,304,1.0,99.5,190,0
Avalugg,95,117,184,28,44,46,514,2.0,505.0,55,0
Noibat,40,30,35,55,45,40,245,0.5,8.0,190,0
Noivern,85,70,80,123,97,80,535,1.5,85.0,45,0
Xerneas,126,131,95,99,131,98,680,3.0,215.0,45,1
Yveltal,126,131,95,99,131,98,680,5.8,203.0,45,1
Zygarde,216,100,121,85,91,95,708,5.0,284.6,3,1
Diancie,50,160,110,110,160,110,700,0.7,8.8,3,1
Hoopa,80,160,60,80,170,130,680,6.5,490,3,1
Volcanion,80,110,120,70,130,90,600,1.7,195.0,3,1
Rowlet,68,55,55,42,50,50,320,0.3,1.5,45,0
Dartrix,78,75,75,52,70,70,420,0.7,16.0,45,0
Decidueye,78,107,75,70,100,100,530,1.6,36.6,45,0
Litten,45,65,40,70,60,40,320,0.4,4.3,45,0
Torracat,65,85,50,90,80,50,420,0.7,25.0,45,0
Incineroar,95,115,90,60,80,90,530,1.8,83.0,45,0
Popplio,50,54,54,40,66,56,320,0.4,7.5,45,0
Brionne,60,69,69,50,91,81,420,0.6,17.5,45,0
Primarina,80,74,74,60,126,116,530,1.8,44.0,45,0
Pikipek,35,75,30,65,30,30,265,0.3,1.2,255,0
Trumbeak,55,85,50,75,40,50,355,0.6,14.8,120,0
Toucannon,80,120,75,60,75,75,485,1.1,26.0,45,0
Yungoos,48,70,30,45,30,30,253,0.4,6.0,255,0
Gumshoos,88,110,60,45,55,60,418,0.7,14.2,127,0
Grubbin,47,62,45,46,55,45,300,0.4,4.4,255,0
Charjabug,57,82,95,36,55,75,400,0.5,10.5,120,0
Vikavolt,77,70,90,43,145,75,500,1.5,45.0,45,0
Crabrawler,47,82,57,63,42,47,338,0.6,7.0,225,0
Crabominable,97,132,77,43,62,67,478,1.7,180.0,60,0
Oricorio,75,70,70,93,98,70,476,0.6,3.4,45,0
Cutiefly,40,45,40,84,55,40,304,0.1,0.2,190,0
Ribombee,60,55,60,124,95,70,464,0.2,0.5,75,0
Rockruff,45,65,40,60,30,40,280,0.5,9.2,190,0
Lycanroc,85,115,75,82,55,75,487,0.8,25.0,90,0
Wishiwashi,45,140,130,30,140,135,620,0.2,0.3,60,0
Mareanie,50,53,62,45,43,52,305,0.4,8.0,190,0
Toxapex,50,63,152,35,53,142,495,0.7,14.5,75,0
Mudbray,70,100,70,45,45,55,385,1.0,110.0,190,0
Mudsdale,100,125,100,35,55,85,500,2.5,920.0,60,0
Dewpider,38,40,52,27,40,72,269,0.3,4.0,200,0
Araquanid,68,70,92,42,50,132,454,1.8,82.0,100,0
Fomantis,40,55,35,35,50,35,250,0.3,1.5,190,0
Lurantis,70,105,90,45,80,90,480,0.9,18.5,75,0
Morelull,40,35,55,15,65,75,285,0.2,1.5,190,0
Shiinotic,60,45,80,30,90,100,405,1.0,11.5,75,0
Salandit,48,44,40,77,71,40,320,0.6,4.8,120,0
Salazzle,68,64,60,117,111,60,480,1.2,22.2,45,0
Stufful,70,75,50,50,45,50,340,0.5,6.8,140,0
Bewear,120,125,80,60,55,60,500,2.1,135.0,70,0
Bounsweet,42,30,38,32,30,38,210,0.3,3.2,235,0
Steenee,52,40,48,62,40,48,290,0.7,8.2,120,0
Tsareena,72,120,98,72,50,98,510,1.2,21.4,45,0
Comfey,51,52,90,100,82,110,485,0.1,0.3,60,0
Oranguru,90,60,80,60,90,110,490,1.5,76.0,45,0
Passimian,100,120,90,80,40,60,490,2.0,82.8,45,0
Wimpod,25,35,40,80,20,30,230,0.5,12.0,90,0
Golisopod,75,125,140,40,60,90,530,2.0,108.0,45,0
Sandygast,55,55,80,15,70,45,320,0.5,70.0,140,0
Palossand,85,75,110,35,100,75,480,1.3,250.0,60,0
Pyukumuku,55,60,130,5,30,130,410,0.3,1.2,60,0
Type: Null,95,95,95,59,95,95,534,1.9,120.5,3,0
Silvally,95,95,95,95,95,95,570,2.3,100.5,3,0
Minior,60,100,60,120,100,60,500,0.3,40.0,30 (Meteorite)255 (Core),0
Komala,65,115,65,65,75,95,480,0.4,19.9,45,0
Turtonator,60,78,135,36,91,85,485,2.0,212.0,70,0
Togedemaru,65,98,63,96,40,73,435,0.3,3.3,180,0
Mimikyu,55,90,80,96,50,105,476,0.2,0.7,45,0
Bruxish,68,105,70,92,70,70,475,0.9,19.0,80,0
Drampa,78,60,85,36,135,91,485,3.0,185.0,70,0
Dhelmise,70,131,100,40,86,90,517,3.9,210.0,25,0
Jangmo-o,45,55,65,45,45,45,300,0.6,29.7,45,0
Hakamo-o,55,75,90,65,65,70,420,1.2,47.0,45,0
Kommo-o,75,110,125,85,100,105,600,1.6,78.2,45,0
Tapu Koko,70,115,85,130,95,75,570,1.8,20.5,3,1
Tapu Lele,70,85,75,95,130,115,570,1.2,18.6,3,1
Tapu Bulu,70,130,115,75,85,95,570,1.9,45.5,3,1
Tapu Fini,70,75,115,85,95,130,570,1.3,21.2,3,1
Cosmog,43,29,31,37,29,31,200,0.2,0.1,45,1
Cosmoem,43,29,131,37,29,131,400,0.1,999.9,45,1
Solgaleo,137,137,107,97,113,89,680,3.4,230.0,45,1
Lunala,137,113,89,97,137,107,680,4.0,120.0,45,1
Nihilego,109,53,47,103,127,131,570,1.2,55.5,45,1
Buzzwole,107,139,139,79,53,53,570,2.4,333.6,25,1
Pheromosa,71,137,37,151,137,37,570,1.8,25.0,255,1
Xurkitree,83,89,71,83,173,71,570,3.8,100.0,30,1
Celesteela,97,101,103,61,107,101,570,9.2,999.9,25,1
Kartana,59,181,131,109,59,31,570,0.3,0.1,255,1
Guzzlord,223,101,53,43,97,53,570,5.5,888.0,15,1
Necrozma,97,107,101,79,127,89,600,2.4,230.0,3,1
Magearna,80,95,115,65,130,115,600,1.0,80.5,3,1